{
  "type": "FeatureCollection",
  "features": [
    {
      "type": "Feature",
      "properties": {
        "name": "Marché Jean-Talon",
        "category": "Market",
        "season": "Year-round",
        "hours": "Mon-Wed 7am-6pm, Thu-Fri 7am-8pm, Sat 7am-6pm, Sun 7am-5pm",
        "website": "https://www.marchespublics-mtl.com/marches/jean-talon/"
      },
      "geometry": { "type": "Point", "coordinates": [-73.6148, 45.5366] }
    },
    {
      "type": "Feature",
      "properties": {
        "name": "Marché Atwater",
        "category": "Market",
        "season": "Year-round",
        "hours": "Mon-Wed 7am-6pm, Thu 7am-7pm, Fri 7am-8pm, Sat-Sun 7am-5pm",
        "website": "https://www.marchespublics-mtl.com/marches/atwater/"
      },
      "geometry": { "type": "Point", "coordinates": [-73.5853, 45.4793] }
    },
    {
      "type": "Feature",
      "properties": {
        "name": "Marché Maisonneuve",
        "category": "Market",
        "season": "Year-round",
        "hours": "Mon-Wed 9am-6pm, Thu-Fri 9am-8pm, Sat-Sun 9am-5pm",
        "website": "https://www.marchespublics-mtl.com/marches/maisonneuve/"
      },
      "geometry": { "type": "Point", "coordinates": [-73.5398, 45.5531] }
    },
    {
      "type": "Feature",
      "properties": {
        "name": "Marché de Lachine",
        "category": "Market",
        "season": "May-October",
        "hours": "Sat 9am-3pm",
        "website": "https://www.marchespublics-mtl.com/marches/lachine/"
      },
      "geometry": { "type": "Point", "coordinates": [-73.6792, 45.4382] }
    },
    {
      "type": "Feature",
      "properties": {
        "name": "Marché Fermier de Laval",
        "category": "Market",
        "season": "June-October",
        "hours": "Sat 9am-2pm",
        "website": ""
      },
      "geometry": { "type": "Point", "coordinates": [-73.7492, 45.5580] }
    },
    {
      "type": "Feature",
      "properties": {
        "name": "Marché du Vieux-Port de Québec",
        "category": "Market",
        "season": "Year-round",
        "hours": "Daily 9am-5pm (Summer), reduced hours in winter",
        "website": "https://www.marchevieuxport.com/"
      },
      "geometry": { "type": "Point", "coordinates": [-71.2030, 46.8155] }
    },
    {
      "type": "Feature",
      "properties": {
        "name": "Marché public de Longueuil",
        "category": "Market",
        "season": "June-October",
        "hours": "Sat 8am-1pm",
        "website": ""
      },
      "geometry": { "type": "Point", "coordinates": [-73.5181, 45.5312] }
    },
    {
      "type": "Feature",
      "properties": {
        "name": "Marché de Sainte-Foy",
        "category": "Market",
        "season": "June-October",
        "hours": "Wed & Sat 8am-1pm",
        "website": ""
      },
      "geometry": { "type": "Point", "coordinates": [-71.2872, 46.7650] }
    },
    {
      "type": "Feature",
      "properties": {
        "name": "CSA - Équiterre Montréal",
        "category": "CSA",
        "season": "June-October",
        "hours": "Various pickup days/times",
        "website": "https://www.equiterre.org/"
      },
      "geometry": { "type": "Point", "coordinates": [-73.5673, 45.5231] }
    },
    {
      "type": "Feature",
      "properties": {
        "name": "CSA Drop-off - Verdun",
        "category": "CSA",
        "season": "June-October",
        "hours": "Thu 4pm-7pm",
        "website": ""
      },
      "geometry": { "type": "Point", "coordinates": [-73.5712, 45.4542] }
    },
    {
      "type": "Feature",
      "properties": {
        "name": "CSA Drop-off - Plateau Mont-Royal",
        "category": "CSA",
        "season": "June-October",
        "hours": "Wed 5pm-8pm",
        "website": ""
      },
      "geometry": { "type": "Point", "coordinates": [-73.5811, 45.5225] }
    },
    {
      "type": "Feature",
      "properties": {
        "name": "CSA Drop-off - NDG",
        "category": "CSA",
        "season": "June-October",
        "hours": "Tue 4pm-7pm",
        "website": ""
      },
      "geometry": { "type": "Point", "coordinates": [-73.6273, 45.4724] }
    },
    {
      "type": "Feature",
      "properties": {
        "name": "CSA - Ferme des Quatre-Temps",
        "category": "CSA",
        "season": "June-November",
        "hours": "Multiple pickup locations",
        "website": "https://fermequatretemps.ca/"
      },
      "geometry": { "type": "Point", "coordinates": [-73.9847, 45.4612] }
    },
    {
      "type": "Feature",
      "properties": {
        "name": "Marché Saint-Jacques",
        "category": "Market",
        "season": "Year-round",
        "hours": "Mon-Sat 7am-6pm",
        "website": ""
      },
      "geometry": { "type": "Point", "coordinates": [-73.5561, 45.5216] }
    },
    {
      "type": "Feature",
      "properties": {
        "name": "Marché public de Saint-Hyacinthe",
        "category": "Market",
        "season": "Year-round",
        "hours": "Sat 7:30am-1pm",
        "website": ""
      },
      "geometry": { "type": "Point", "coordinates": [-72.9561, 45.6307] }
    },
    {
      "type": "Feature",
      "properties": {
        "name": "Marché public de Sherbrooke",
        "category": "Market",
        "season": "June-October",
        "hours": "Sat 8am-1pm",
        "website": ""
      },
      "geometry": { "type": "Point", "coordinates": [-71.8929, 45.4042] }
    },
    {
      "type": "Feature",
      "properties": {
        "name": "CSA Drop-off - Rosemont",
        "category": "CSA",
        "season": "June-October",
        "hours": "Thu 5pm-7pm",
        "website": ""
      },
      "geometry": { "type": "Point", "coordinates": [-73.5912, 45.5541] }
    },
    {
      "type": "Feature",
      "properties": {
        "name": "Marché Solidaire Frontenac",
        "category": "Market",
        "season": "Year-round",
        "hours": "Sat 10am-2pm",
        "website": ""
      },
      "geometry": { "type": "Point", "coordinates": [-73.5452, 45.5333] }
    }
  ]
}
